-- phpMyAdmin SQL Dump
-- version 5.2.1
-- https://www.phpmyadmin.net/
--
-- Host: 127.0.0.1
-- Generation Time: Dec 19, 2025 at 10:50 AM
-- Server version: 10.4.32-MariaDB
-- PHP Version: 8.0.30

SET SQL_MODE = "NO_AUTO_VALUE_ON_ZERO";
START TRANSACTION;
SET time_zone = "+00:00";


/*!40101 SET @OLD_CHARACTER_SET_CLIENT=@@CHARACTER_SET_CLIENT */;
/*!40101 SET @OLD_CHARACTER_SET_RESULTS=@@CHARACTER_SET_RESULTS */;
/*!40101 SET @OLD_COLLATION_CONNECTION=@@COLLATION_CONNECTION */;
/*!40101 SET NAMES utf8mb4 */;

--
-- Database: `hr_management`
--

-- --------------------------------------------------------

--
-- Table structure for table `admin`
--

CREATE TABLE `admin` (
  `id` int(11) NOT NULL,
  `username` varchar(50) NOT NULL,
  `password` varchar(255) NOT NULL,
  `email` varchar(100) DEFAULT NULL,
  `created_at` timestamp NOT NULL DEFAULT current_timestamp()
) ENGINE=InnoDB DEFAULT CHARSET=utf8mb4 COLLATE=utf8mb4_general_ci;

--
-- Dumping data for table `admin`
--

INSERT INTO `admin` (`id`, `username`, `password`, `email`, `created_at`) VALUES
(1, 'admin', '$2a$10$tfy05P6I9yPCFmD7aiGlUuQvCrSbYYM84QQSJN0jt5GyJA8m5pAVm', 'admin@hrms.com', '2025-11-17 12:18:39');

-- --------------------------------------------------------

--
-- Table structure for table `attendance`
--

CREATE TABLE `attendance` (
  `id` int(11) NOT NULL,
  `emp_id` int(11) DEFAULT NULL,
  `attendance_date` date NOT NULL,
  `status` enum('present','leave','holiday','work_on_holiday','absent') NOT NULL,
  `leave_type` enum('cl','el','holiday','none') DEFAULT 'none',
  `remarks` text DEFAULT NULL,
  `created_at` timestamp NOT NULL DEFAULT current_timestamp(),
  `updated_at` timestamp NOT NULL DEFAULT current_timestamp() ON UPDATE current_timestamp()
) ENGINE=InnoDB DEFAULT CHARSET=utf8mb4 COLLATE=utf8mb4_general_ci;

--
-- Dumping data for table `attendance`
--

INSERT INTO `attendance` (`id`, `emp_id`, `attendance_date`, `status`, `leave_type`, `remarks`, `created_at`, `updated_at`) VALUES
(63, 3, '2025-10-01', 'work_on_holiday', 'none', NULL, '2025-11-18 04:42:41', '2025-11-18 05:57:16'),
(64, 3, '2025-10-02', 'present', 'none', NULL, '2025-11-18 04:42:42', '2025-11-18 04:42:42'),
(65, 3, '2025-10-03', 'present', 'none', NULL, '2025-11-18 04:42:44', '2025-11-18 04:42:44'),
(66, 3, '2025-10-06', 'present', 'none', NULL, '2025-11-18 04:42:46', '2025-11-18 04:42:46'),
(67, 3, '2025-10-07', 'present', 'none', NULL, '2025-11-18 04:42:47', '2025-11-18 04:42:47'),
(68, 3, '2025-10-08', 'present', 'none', NULL, '2025-11-18 04:42:48', '2025-11-18 04:42:48'),
(69, 3, '2025-10-09', 'present', 'none', NULL, '2025-11-18 04:42:50', '2025-11-18 04:42:50'),
(70, 3, '2025-10-10', 'present', 'none', NULL, '2025-11-18 04:42:51', '2025-11-18 04:42:51'),
(71, 3, '2025-10-11', 'leave', 'holiday', NULL, '2025-11-18 04:42:53', '2025-11-18 06:06:41'),
(72, 3, '2025-10-13', 'present', 'none', NULL, '2025-11-18 04:42:54', '2025-11-18 04:42:54'),
(73, 3, '2025-10-14', 'present', 'none', NULL, '2025-11-18 04:42:57', '2025-11-18 04:42:57'),
(74, 3, '2025-10-15', 'present', 'none', NULL, '2025-11-18 04:42:59', '2025-11-18 04:42:59'),
(75, 3, '2025-10-16', 'present', 'none', NULL, '2025-11-18 04:43:00', '2025-11-18 04:43:00'),
(76, 3, '2025-10-17', 'present', 'none', NULL, '2025-11-18 04:43:01', '2025-11-18 04:43:01'),
(77, 3, '2025-10-20', 'present', 'none', NULL, '2025-11-18 04:43:03', '2025-11-18 04:43:03'),
(78, 3, '2025-10-21', 'present', 'none', NULL, '2025-11-18 04:43:05', '2025-11-18 04:43:05'),
(79, 3, '2025-10-22', 'present', 'none', NULL, '2025-11-18 04:43:06', '2025-11-18 04:43:06'),
(80, 3, '2025-10-23', 'present', 'none', NULL, '2025-11-18 04:43:08', '2025-11-18 04:43:08'),
(81, 3, '2025-10-24', 'present', 'none', NULL, '2025-11-18 04:43:09', '2025-11-18 04:43:09'),
(82, 3, '2025-10-25', 'present', 'none', NULL, '2025-11-18 04:43:10', '2025-11-18 04:43:10'),
(83, 3, '2025-10-27', 'present', 'none', NULL, '2025-11-18 04:43:13', '2025-11-18 04:43:13'),
(84, 3, '2025-10-28', 'present', 'none', NULL, '2025-11-18 04:43:14', '2025-11-18 04:43:14'),
(85, 3, '2025-10-29', 'present', 'none', NULL, '2025-11-18 04:43:15', '2025-11-18 04:43:16'),
(87, 3, '2025-10-30', 'present', 'none', NULL, '2025-11-18 04:43:17', '2025-11-18 04:43:17'),
(88, 3, '2025-10-31', 'present', 'none', NULL, '2025-11-18 04:43:19', '2025-11-18 04:43:19'),
(94, 4, '2025-10-01', 'work_on_holiday', 'none', NULL, '2025-11-18 05:58:21', '2025-11-18 05:58:21'),
(95, 4, '2025-10-02', 'present', 'none', NULL, '2025-11-18 05:58:22', '2025-11-18 05:58:22'),
(96, 4, '2025-10-03', 'present', 'none', NULL, '2025-11-18 05:58:24', '2025-11-18 05:58:24'),
(97, 4, '2025-10-06', 'present', 'none', NULL, '2025-11-18 05:58:29', '2025-11-18 05:58:29'),
(98, 4, '2025-10-07', 'present', 'none', NULL, '2025-11-18 05:58:31', '2025-11-18 05:58:31'),
(99, 4, '2025-10-08', 'present', 'none', NULL, '2025-11-18 05:58:33', '2025-11-18 05:58:33'),
(100, 4, '2025-10-09', 'present', 'none', NULL, '2025-11-18 05:58:34', '2025-11-18 05:58:34'),
(101, 4, '2025-10-10', 'present', 'none', NULL, '2025-11-18 05:58:35', '2025-11-18 05:58:35'),
(102, 4, '2025-10-11', 'present', 'none', NULL, '2025-11-18 05:58:36', '2025-11-18 05:58:36'),
(103, 4, '2025-10-17', 'leave', 'cl', NULL, '2025-11-18 05:58:48', '2025-11-18 06:00:03'),
(104, 4, '2025-10-20', 'leave', 'el', NULL, '2025-11-18 05:58:53', '2025-11-18 06:00:06'),
(105, 4, '2025-10-21', 'holiday', 'none', NULL, '2025-11-18 05:59:01', '2025-11-18 05:59:01'),
(106, 4, '2025-10-22', 'leave', 'none', NULL, '2025-11-18 05:59:04', '2025-11-18 05:59:04'),
(107, 4, '2025-10-23', 'present', 'none', NULL, '2025-11-18 05:59:08', '2025-11-18 05:59:08'),
(108, 4, '2025-10-24', 'present', 'none', NULL, '2025-11-18 05:59:09', '2025-11-18 05:59:09'),
(109, 4, '2025-10-25', 'present', 'none', NULL, '2025-11-18 05:59:10', '2025-11-18 05:59:10'),
(110, 4, '2025-10-27', 'present', 'none', NULL, '2025-11-18 05:59:11', '2025-11-18 05:59:11'),
(111, 4, '2025-10-28', 'present', 'none', NULL, '2025-11-18 05:59:14', '2025-11-18 05:59:14'),
(112, 4, '2025-10-29', 'present', 'none', NULL, '2025-11-18 05:59:15', '2025-11-18 05:59:15'),
(113, 4, '2025-10-30', 'present', 'none', NULL, '2025-11-18 05:59:17', '2025-11-18 05:59:17'),
(114, 4, '2025-10-31', 'present', 'none', NULL, '2025-11-18 05:59:18', '2025-11-18 05:59:18'),
(115, 4, '2025-10-16', 'present', 'none', NULL, '2025-11-18 05:59:22', '2025-11-18 05:59:22'),
(116, 4, '2025-10-15', 'present', 'none', NULL, '2025-11-18 05:59:24', '2025-11-18 05:59:24'),
(117, 4, '2025-10-14', 'present', 'none', NULL, '2025-11-18 05:59:25', '2025-11-18 05:59:25'),
(118, 4, '2025-10-13', 'present', 'none', NULL, '2025-11-18 05:59:27', '2025-11-18 05:59:27'),
(123, 5, '2025-10-01', 'work_on_holiday', 'none', NULL, '2025-11-18 06:07:09', '2025-11-18 06:08:13'),
(124, 5, '2025-10-02', 'present', 'none', NULL, '2025-11-18 06:07:10', '2025-11-18 06:07:10'),
(125, 5, '2025-10-03', 'present', 'none', NULL, '2025-11-18 06:07:11', '2025-11-18 06:07:11'),
(126, 5, '2025-10-06', 'present', 'none', NULL, '2025-11-18 06:07:13', '2025-11-18 06:07:13'),
(127, 5, '2025-10-07', 'present', 'none', NULL, '2025-11-18 06:07:14', '2025-11-18 06:07:14'),
(128, 5, '2025-10-08', 'present', 'none', NULL, '2025-11-18 06:07:16', '2025-11-18 06:07:16'),
(129, 5, '2025-10-09', 'present', 'none', NULL, '2025-11-18 06:07:18', '2025-11-18 06:07:18'),
(130, 5, '2025-10-10', 'present', 'none', NULL, '2025-11-18 06:07:20', '2025-11-18 06:07:20'),
(131, 5, '2025-10-11', 'present', 'none', NULL, '2025-11-18 06:07:21', '2025-11-18 06:07:21'),
(132, 5, '2025-10-13', 'present', 'none', NULL, '2025-11-18 06:07:23', '2025-11-18 06:07:23'),
(133, 5, '2025-10-14', 'present', 'none', NULL, '2025-11-18 06:07:24', '2025-11-18 06:07:24'),
(134, 5, '2025-10-17', 'leave', 'cl', NULL, '2025-11-18 06:07:36', '2025-11-18 06:08:23'),
(135, 5, '2025-10-16', 'present', 'none', NULL, '2025-11-18 06:07:38', '2025-11-18 06:07:38'),
(136, 5, '2025-10-15', 'present', 'none', NULL, '2025-11-18 06:07:39', '2025-11-18 06:07:39'),
(137, 5, '2025-10-23', 'present', 'none', NULL, '2025-11-18 06:07:42', '2025-11-18 06:07:44'),
(139, 5, '2025-10-24', 'present', 'none', NULL, '2025-11-18 06:07:52', '2025-11-18 06:07:52'),
(140, 5, '2025-10-25', 'present', 'none', NULL, '2025-11-18 06:07:53', '2025-11-18 06:07:53'),
(141, 5, '2025-10-27', 'present', 'none', NULL, '2025-11-18 06:07:54', '2025-11-18 06:07:54'),
(142, 5, '2025-10-28', 'present', 'none', NULL, '2025-11-18 06:07:56', '2025-11-18 06:07:56'),
(143, 5, '2025-10-29', 'present', 'none', NULL, '2025-11-18 06:07:58', '2025-11-18 06:07:58'),
(144, 5, '2025-10-30', 'present', 'none', NULL, '2025-11-18 06:08:00', '2025-11-18 06:08:00'),
(145, 5, '2025-10-31', 'present', 'none', NULL, '2025-11-18 06:08:02', '2025-11-18 06:08:02'),
(146, 5, '2025-10-22', 'leave', 'el', NULL, '2025-11-18 06:08:05', '2025-11-18 06:08:26'),
(147, 5, '2025-10-21', 'holiday', 'none', NULL, '2025-11-18 06:08:07', '2025-11-18 06:08:07'),
(148, 5, '2025-10-20', 'leave', 'holiday', NULL, '2025-11-18 06:08:09', '2025-11-18 06:08:24'),
(154, 6, '2025-10-01', 'work_on_holiday', 'none', NULL, '2025-11-18 06:18:32', '2025-11-18 06:18:32'),
(155, 6, '2025-10-02', 'present', 'none', NULL, '2025-11-18 06:18:33', '2025-11-18 06:18:33'),
(156, 6, '2025-10-03', 'present', 'none', NULL, '2025-11-18 06:18:34', '2025-11-18 06:18:34'),
(157, 6, '2025-10-06', 'present', 'none', NULL, '2025-11-18 06:18:37', '2025-11-18 06:18:37'),
(158, 6, '2025-10-07', 'present', 'none', NULL, '2025-11-18 06:18:38', '2025-11-18 06:18:38'),
(159, 6, '2025-10-08', 'present', 'none', NULL, '2025-11-18 06:18:39', '2025-11-18 06:18:39'),
(160, 6, '2025-10-09', 'present', 'none', NULL, '2025-11-18 06:18:40', '2025-11-18 06:18:40'),
(161, 6, '2025-10-10', 'present', 'none', NULL, '2025-11-18 06:18:41', '2025-11-18 06:18:41'),
(162, 6, '2025-10-11', 'present', 'none', NULL, '2025-11-18 06:18:42', '2025-11-18 06:18:42'),
(163, 6, '2025-10-13', 'present', 'none', NULL, '2025-11-18 06:18:45', '2025-11-18 06:18:45'),
(164, 6, '2025-10-14', 'present', 'none', NULL, '2025-11-18 06:18:46', '2025-11-18 06:18:46'),
(165, 6, '2025-10-15', 'present', 'none', NULL, '2025-11-18 06:18:47', '2025-11-18 06:18:47'),
(166, 6, '2025-10-16', 'present', 'none', NULL, '2025-11-18 06:18:48', '2025-11-18 06:18:48'),
(167, 6, '2025-10-17', 'leave', 'cl', NULL, '2025-11-18 06:18:55', '2025-11-18 06:19:19'),
(168, 6, '2025-10-20', 'leave', 'el', NULL, '2025-11-18 06:18:58', '2025-11-18 06:19:20'),
(169, 6, '2025-10-21', 'holiday', 'none', NULL, '2025-11-18 06:19:00', '2025-11-18 06:19:00'),
(170, 6, '2025-10-22', 'leave', 'holiday', NULL, '2025-11-18 06:19:01', '2025-11-18 06:19:22'),
(171, 6, '2025-10-23', 'present', 'none', NULL, '2025-11-18 06:19:06', '2025-11-18 06:19:06'),
(172, 6, '2025-10-24', 'present', 'none', NULL, '2025-11-18 06:19:07', '2025-11-18 06:19:07'),
(173, 6, '2025-10-25', 'present', 'none', NULL, '2025-11-18 06:19:09', '2025-11-18 06:19:09'),
(174, 6, '2025-10-27', 'present', 'none', NULL, '2025-11-18 06:19:11', '2025-11-18 06:19:11'),
(175, 6, '2025-10-28', 'present', 'none', NULL, '2025-11-18 06:19:12', '2025-11-18 06:19:12'),
(176, 6, '2025-10-29', 'present', 'none', NULL, '2025-11-18 06:19:13', '2025-11-18 06:19:13'),
(177, 6, '2025-10-30', 'present', 'none', NULL, '2025-11-18 06:19:14', '2025-11-18 06:19:14'),
(178, 6, '2025-10-31', 'present', 'none', NULL, '2025-11-18 06:19:16', '2025-11-18 06:19:16'),
(183, 7, '2025-10-01', 'work_on_holiday', 'none', NULL, '2025-11-18 07:00:08', '2025-11-18 07:00:08'),
(184, 7, '2025-10-02', 'present', 'none', NULL, '2025-11-18 07:00:10', '2025-11-18 07:00:10'),
(185, 7, '2025-10-03', 'present', 'none', NULL, '2025-11-18 07:00:11', '2025-11-18 07:00:11'),
(186, 7, '2025-10-06', 'present', 'none', NULL, '2025-11-18 07:00:14', '2025-11-18 07:00:14'),
(187, 7, '2025-10-07', 'present', 'none', NULL, '2025-11-18 07:00:15', '2025-11-18 07:00:15'),
(188, 7, '2025-10-08', 'present', 'none', NULL, '2025-11-18 07:00:17', '2025-11-18 07:00:17'),
(189, 7, '2025-10-09', 'present', 'none', NULL, '2025-11-18 07:00:18', '2025-11-18 07:00:18'),
(190, 7, '2025-10-10', 'present', 'none', NULL, '2025-11-18 07:00:20', '2025-11-18 07:00:20'),
(191, 7, '2025-10-11', 'present', 'none', NULL, '2025-11-18 07:00:21', '2025-11-18 07:00:21'),
(192, 7, '2025-10-13', 'present', 'none', NULL, '2025-11-18 07:00:27', '2025-11-18 07:00:27'),
(193, 7, '2025-10-14', 'present', 'none', NULL, '2025-11-18 07:00:29', '2025-11-18 07:00:29'),
(194, 7, '2025-10-15', 'present', 'none', NULL, '2025-11-18 07:00:30', '2025-11-18 07:00:30'),
(195, 7, '2025-10-16', 'present', 'none', NULL, '2025-11-18 07:00:31', '2025-11-18 07:00:31'),
(196, 7, '2025-10-17', 'leave', 'el', NULL, '2025-11-18 07:00:34', '2025-11-18 07:01:38'),
(197, 7, '2025-10-20', 'leave', 'cl', NULL, '2025-11-18 07:00:37', '2025-11-18 07:00:55'),
(198, 7, '2025-10-21', 'holiday', 'none', NULL, '2025-11-18 07:00:39', '2025-11-18 07:00:39'),
(199, 7, '2025-10-22', 'present', 'none', NULL, '2025-11-18 07:00:40', '2025-11-18 07:00:40'),
(200, 7, '2025-10-23', 'present', 'none', NULL, '2025-11-18 07:00:41', '2025-11-18 07:00:41'),
(201, 7, '2025-10-24', 'present', 'none', NULL, '2025-11-18 07:00:43', '2025-11-18 07:00:43'),
(202, 7, '2025-10-25', 'present', 'none', NULL, '2025-11-18 07:00:44', '2025-11-18 07:00:44'),
(203, 7, '2025-10-27', 'present', 'none', NULL, '2025-11-18 07:00:46', '2025-11-18 07:00:46'),
(204, 7, '2025-10-28', 'present', 'none', NULL, '2025-11-18 07:00:48', '2025-11-18 07:00:48'),
(205, 7, '2025-10-29', 'present', 'none', NULL, '2025-11-18 07:00:49', '2025-11-18 07:00:49'),
(206, 7, '2025-10-30', 'present', 'none', NULL, '2025-11-18 07:00:50', '2025-11-18 07:00:50'),
(207, 7, '2025-10-31', 'present', 'none', NULL, '2025-11-18 07:00:52', '2025-11-18 07:00:52'),
(212, 7, '2025-11-01', 'work_on_holiday', 'none', NULL, '2025-11-18 07:02:06', '2025-11-18 07:02:06'),
(213, 7, '2025-11-03', 'present', 'none', NULL, '2025-11-18 07:02:08', '2025-11-18 07:02:08'),
(214, 7, '2025-11-04', 'present', 'none', NULL, '2025-11-18 07:02:10', '2025-11-18 07:02:10'),
(215, 7, '2025-11-05', 'present', 'none', NULL, '2025-11-18 07:02:11', '2025-11-18 07:02:11'),
(216, 7, '2025-11-06', 'present', 'none', NULL, '2025-11-18 07:02:12', '2025-11-18 07:02:12'),
(217, 7, '2025-11-07', 'present', 'none', NULL, '2025-11-18 07:02:13', '2025-11-18 07:02:13'),
(218, 7, '2025-11-08', 'present', 'none', NULL, '2025-11-18 07:02:14', '2025-11-18 07:02:14'),
(219, 7, '2025-11-10', 'present', 'none', NULL, '2025-11-18 07:02:16', '2025-11-18 07:02:16'),
(220, 7, '2025-11-11', 'present', 'none', NULL, '2025-11-18 07:02:17', '2025-11-18 07:02:17'),
(221, 7, '2025-11-12', 'present', 'none', NULL, '2025-11-18 07:02:19', '2025-11-18 07:02:19'),
(222, 7, '2025-11-13', 'present', 'none', NULL, '2025-11-18 07:02:20', '2025-11-18 07:02:20'),
(223, 7, '2025-11-14', 'present', 'none', NULL, '2025-11-18 07:02:21', '2025-11-18 07:02:21'),
(224, 7, '2025-11-17', 'present', 'none', NULL, '2025-11-18 07:02:25', '2025-11-18 07:02:25'),
(225, 7, '2025-11-18', 'present', 'none', NULL, '2025-11-18 07:02:26', '2025-11-18 07:02:26'),
(226, 8, '2025-06-02', 'present', NULL, NULL, '2025-11-18 10:44:10', '2025-11-18 10:44:10'),
(227, 8, '2025-06-03', 'present', NULL, NULL, '2025-11-18 10:44:11', '2025-11-18 10:44:11'),
(228, 8, '2025-06-04', 'present', NULL, NULL, '2025-11-18 10:44:12', '2025-11-18 10:44:12'),
(229, 8, '2025-06-05', 'present', NULL, NULL, '2025-11-18 10:44:13', '2025-11-18 10:44:13'),
(230, 8, '2025-06-06', 'leave', 'cl', NULL, '2025-11-18 10:44:15', '2025-11-18 10:44:18'),
(231, 8, '2025-06-09', 'present', NULL, NULL, '2025-11-18 10:44:19', '2025-11-18 10:44:19'),
(232, 8, '2025-06-10', 'present', NULL, NULL, '2025-11-18 10:44:21', '2025-11-18 10:44:21'),
(233, 8, '2025-06-11', 'present', NULL, NULL, '2025-11-18 10:44:22', '2025-11-18 10:44:22'),
(234, 8, '2025-06-12', 'present', NULL, NULL, '2025-11-18 10:44:23', '2025-11-18 10:44:23'),
(235, 8, '2025-06-13', 'present', NULL, NULL, '2025-11-18 10:44:26', '2025-11-18 10:44:26'),
(236, 8, '2025-06-14', 'holiday', NULL, NULL, '2025-11-18 10:44:28', '2025-11-18 10:44:28'),
(237, 8, '2025-06-16', 'leave', '', NULL, '2025-11-18 10:44:31', '2025-11-18 10:44:44'),
(238, 8, '2025-06-17', 'work_on_holiday', NULL, NULL, '2025-11-18 10:44:36', '2025-11-18 10:44:36'),
(239, 8, '2025-06-18', 'present', NULL, NULL, '2025-11-18 10:44:37', '2025-11-18 10:44:42'),
(240, 8, '2025-06-19', 'present', NULL, NULL, '2025-11-18 10:44:39', '2025-11-18 10:44:39'),
(241, 8, '2025-06-20', 'present', NULL, NULL, '2025-11-18 10:44:40', '2025-11-18 10:44:40'),
(242, 8, '2025-06-23', 'present', NULL, NULL, '2025-11-18 10:44:46', '2025-11-18 10:44:46'),
(243, 8, '2025-06-24', 'present', NULL, NULL, '2025-11-18 10:44:48', '2025-11-18 10:44:48'),
(244, 8, '2025-06-25', 'present', NULL, NULL, '2025-11-18 10:44:49', '2025-11-18 10:44:49'),
(245, 8, '2025-06-26', 'present', NULL, NULL, '2025-11-18 10:44:51', '2025-11-18 10:44:51'),
(246, 8, '2025-06-27', 'present', NULL, NULL, '2025-11-18 10:44:52', '2025-11-18 10:44:52'),
(247, 8, '2025-06-28', 'present', NULL, NULL, '2025-11-18 10:44:53', '2025-11-18 10:44:53'),
(248, 8, '2025-06-30', 'present', NULL, NULL, '2025-11-18 10:44:55', '2025-11-18 10:44:55'),
(249, 8, '2025-07-01', 'present', NULL, NULL, '2025-11-18 10:45:36', '2025-11-18 10:45:36'),
(250, 8, '2025-07-02', 'present', NULL, NULL, '2025-11-18 10:45:37', '2025-11-18 10:45:37'),
(251, 8, '2025-07-03', 'present', NULL, NULL, '2025-11-18 10:45:39', '2025-11-18 10:45:39'),
(252, 8, '2025-07-04', 'present', NULL, NULL, '2025-11-18 10:45:41', '2025-11-18 10:45:41'),
(253, 8, '2025-07-07', 'present', NULL, NULL, '2025-11-18 10:45:42', '2025-11-18 10:45:42'),
(254, 8, '2025-07-08', 'holiday', NULL, NULL, '2025-11-18 10:45:44', '2025-11-18 10:45:44'),
(255, 8, '2025-07-09', 'work_on_holiday', NULL, NULL, '2025-11-18 10:45:47', '2025-11-18 10:45:47'),
(256, 8, '2025-07-10', 'present', NULL, NULL, '2025-11-18 10:45:48', '2025-11-18 10:45:48'),
(257, 8, '2025-07-11', 'present', NULL, NULL, '2025-11-18 10:45:49', '2025-11-18 10:45:49'),
(258, 8, '2025-07-12', 'present', NULL, NULL, '2025-11-18 10:45:51', '2025-11-18 10:45:51'),
(259, 8, '2025-07-14', 'leave', '', NULL, '2025-11-18 10:45:52', '2025-11-18 10:45:55'),
(260, 8, '2025-07-15', 'present', NULL, NULL, '2025-11-18 10:45:56', '2025-11-18 10:45:56'),
(261, 8, '2025-07-16', 'present', NULL, NULL, '2025-11-18 10:45:57', '2025-11-18 10:45:57'),
(262, 8, '2025-07-17', 'present', NULL, NULL, '2025-11-18 10:45:59', '2025-11-18 10:46:00'),
(263, 8, '2025-07-18', 'present', NULL, NULL, '2025-11-18 10:46:02', '2025-11-18 10:46:02'),
(264, 8, '2025-07-21', 'present', NULL, NULL, '2025-11-18 10:46:31', '2025-11-18 10:46:31'),
(265, 8, '2025-07-22', 'present', NULL, NULL, '2025-11-18 10:46:33', '2025-11-18 10:46:33'),
(266, 8, '2025-07-23', 'present', NULL, NULL, '2025-11-18 10:46:34', '2025-11-18 10:46:34'),
(267, 8, '2025-07-24', 'leave', 'el', NULL, '2025-11-18 10:46:35', '2025-11-18 10:46:37'),
(268, 8, '2025-07-25', 'present', NULL, NULL, '2025-11-18 10:46:39', '2025-11-18 10:46:39'),
(269, 8, '2025-07-26', 'present', NULL, NULL, '2025-11-18 10:46:40', '2025-11-18 10:46:40'),
(270, 8, '2025-07-28', 'present', NULL, NULL, '2025-11-18 10:46:41', '2025-11-18 10:46:41'),
(271, 8, '2025-07-29', 'present', NULL, NULL, '2025-11-18 10:46:42', '2025-11-18 10:46:42'),
(272, 8, '2025-07-30', 'present', NULL, NULL, '2025-11-18 10:46:43', '2025-11-18 10:46:46'),
(273, 8, '2025-07-31', 'present', NULL, NULL, '2025-11-18 10:46:48', '2025-11-18 10:46:48'),
(274, 8, '2025-08-01', 'present', NULL, NULL, '2025-11-18 10:48:28', '2025-11-18 10:48:28'),
(275, 8, '2025-08-04', 'present', NULL, NULL, '2025-11-18 10:48:30', '2025-11-18 10:48:30'),
(276, 8, '2025-08-05', 'present', NULL, NULL, '2025-11-18 10:48:31', '2025-11-18 10:48:31'),
(277, 8, '2025-08-06', 'present', NULL, NULL, '2025-11-18 10:48:32', '2025-11-18 10:48:32'),
(278, 8, '2025-08-07', 'work_on_holiday', NULL, NULL, '2025-11-18 10:48:35', '2025-11-18 10:48:35'),
(279, 8, '2025-08-08', 'present', NULL, NULL, '2025-11-18 10:48:37', '2025-11-18 10:48:37'),
(280, 8, '2025-08-09', 'present', NULL, NULL, '2025-11-18 10:48:39', '2025-11-18 10:48:39'),
(281, 8, '2025-08-11', 'present', NULL, NULL, '2025-11-18 10:48:41', '2025-11-18 10:48:41'),
(282, 8, '2025-08-12', 'present', NULL, NULL, '2025-11-18 10:48:42', '2025-11-18 10:48:42'),
(283, 8, '2025-08-13', 'present', NULL, NULL, '2025-11-18 10:48:44', '2025-11-18 10:48:44'),
(284, 8, '2025-08-14', 'present', NULL, NULL, '2025-11-18 10:48:45', '2025-11-18 10:48:45'),
(285, 8, '2025-08-15', 'leave', 'cl', NULL, '2025-11-18 10:48:47', '2025-11-18 10:48:48'),
(286, 8, '2025-08-18', 'present', NULL, NULL, '2025-11-18 10:48:51', '2025-11-18 10:48:51'),
(287, 8, '2025-08-19', 'present', NULL, NULL, '2025-11-18 10:48:52', '2025-11-18 10:48:52'),
(288, 8, '2025-08-20', 'present', NULL, NULL, '2025-11-18 10:48:53', '2025-11-18 10:48:53'),
(289, 8, '2025-08-21', 'present', NULL, NULL, '2025-11-18 10:48:56', '2025-11-18 10:48:56'),
(290, 8, '2025-08-22', 'present', NULL, NULL, '2025-11-18 10:48:57', '2025-11-18 10:48:57'),
(291, 8, '2025-08-23', 'present', NULL, NULL, '2025-11-18 10:48:58', '2025-11-18 10:48:58'),
(292, 8, '2025-08-25', 'leave', '', NULL, '2025-11-18 10:49:03', '2025-11-18 10:49:05'),
(293, 8, '2025-08-26', 'present', NULL, NULL, '2025-11-18 10:49:06', '2025-11-18 10:49:06'),
(294, 8, '2025-08-27', 'present', NULL, NULL, '2025-11-18 10:49:07', '2025-11-18 10:49:07'),
(295, 8, '2025-08-28', 'present', NULL, NULL, '2025-11-18 10:49:08', '2025-11-18 10:49:08'),
(296, 8, '2025-08-29', 'present', NULL, NULL, '2025-11-18 10:49:09', '2025-11-18 10:49:09'),
(297, 8, '2025-08-30', 'present', NULL, NULL, '2025-11-18 10:49:12', '2025-11-18 10:49:12'),
(298, 8, '2025-09-01', 'present', NULL, NULL, '2025-11-18 10:50:25', '2025-11-18 10:50:25'),
(299, 8, '2025-09-02', 'present', NULL, NULL, '2025-11-18 10:50:27', '2025-11-18 10:50:27'),
(300, 8, '2025-09-03', 'present', NULL, NULL, '2025-11-18 10:50:28', '2025-11-18 10:50:28'),
(301, 8, '2025-09-04', 'present', NULL, NULL, '2025-11-18 10:50:29', '2025-11-18 10:50:29'),
(302, 8, '2025-09-05', 'present', NULL, NULL, '2025-11-18 10:50:30', '2025-11-18 10:50:30'),
(303, 8, '2025-07-13', 'leave', 'cl', NULL, '2025-11-19 04:21:38', '2025-11-19 04:21:38'),
(304, 8, '2025-07-05', 'holiday', NULL, NULL, '2025-11-19 08:43:59', '2025-11-19 08:45:47'),
(305, 8, '2025-07-19', 'holiday', NULL, NULL, '2025-11-19 08:43:59', '2025-11-19 08:45:47'),
(307, 8, '2025-10-04', 'holiday', NULL, NULL, '2025-11-19 08:48:56', '2025-11-19 08:48:56'),
(308, 8, '2025-10-12', 'holiday', NULL, NULL, '2025-11-19 08:48:56', '2025-11-19 08:48:56'),
(309, 8, '2025-10-18', 'holiday', NULL, NULL, '2025-11-19 08:48:56', '2025-11-19 08:48:56'),
(310, 8, '2025-10-05', 'holiday', NULL, NULL, '2025-11-19 08:48:56', '2025-11-19 08:48:56'),
(311, 8, '2025-10-19', 'holiday', NULL, NULL, '2025-11-19 08:48:56', '2025-11-19 08:48:56'),
(312, 8, '2025-10-26', 'holiday', NULL, NULL, '2025-11-19 08:48:56', '2025-11-19 08:48:56'),
(313, 8, '2025-10-01', 'present', NULL, NULL, '2025-11-19 08:49:10', '2025-11-19 08:49:10'),
(314, 8, '2025-10-02', 'present', NULL, NULL, '2025-11-19 08:49:11', '2025-11-19 08:49:11'),
(315, 8, '2025-10-03', 'present', NULL, NULL, '2025-11-19 08:49:13', '2025-11-19 08:49:13'),
(316, 8, '2025-10-06', 'present', NULL, NULL, '2025-11-19 08:49:15', '2025-11-19 08:49:15'),
(317, 8, '2025-10-07', 'present', NULL, NULL, '2025-11-19 08:49:16', '2025-11-19 08:49:16'),
(318, 8, '2025-10-08', 'present', NULL, NULL, '2025-11-19 08:49:17', '2025-11-19 08:49:17'),
(319, 8, '2025-10-09', 'work_on_holiday', NULL, NULL, '2025-11-19 08:49:19', '2025-11-19 08:49:19'),
(320, 8, '2025-10-10', 'present', NULL, NULL, '2025-11-19 08:49:20', '2025-11-19 08:49:20'),
(321, 8, '2025-10-11', 'present', NULL, NULL, '2025-11-19 08:49:21', '2025-11-19 08:49:21'),
(322, 8, '2025-10-13', 'leave', 'cl', NULL, '2025-11-19 08:49:23', '2025-11-19 08:49:25'),
(323, 8, '2025-10-14', 'present', NULL, NULL, '2025-11-19 08:49:27', '2025-11-19 08:49:27'),
(324, 8, '2025-10-15', 'present', NULL, NULL, '2025-11-19 08:49:28', '2025-11-19 08:49:28'),
(325, 8, '2025-10-16', 'present', NULL, NULL, '2025-11-19 08:49:29', '2025-11-19 08:49:29'),
(326, 8, '2025-10-17', 'present', NULL, NULL, '2025-11-19 08:49:30', '2025-11-19 08:49:30'),
(327, 8, '2025-10-20', 'present', NULL, NULL, '2025-11-19 08:49:32', '2025-11-19 08:49:32'),
(328, 8, '2025-10-21', 'present', NULL, NULL, '2025-11-19 08:49:33', '2025-11-19 08:49:33'),
(329, 8, '2025-10-22', 'present', NULL, NULL, '2025-11-19 08:49:34', '2025-11-19 08:49:34'),
(330, 8, '2025-10-23', 'present', NULL, NULL, '2025-11-19 08:49:35', '2025-11-19 08:49:35'),
(331, 8, '2025-10-24', 'present', NULL, NULL, '2025-11-19 08:49:37', '2025-11-19 08:49:37'),
(332, 8, '2025-10-25', 'leave', 'el', NULL, '2025-11-19 08:49:39', '2025-11-19 08:50:01'),
(333, 8, '2025-10-27', 'present', NULL, NULL, '2025-11-19 08:49:44', '2025-11-19 08:49:44'),
(334, 8, '2025-10-28', 'present', NULL, NULL, '2025-11-19 08:49:45', '2025-11-19 08:49:45'),
(335, 8, '2025-10-29', 'present', NULL, NULL, '2025-11-19 08:49:46', '2025-11-19 08:49:46'),
(336, 8, '2025-10-30', 'present', NULL, NULL, '2025-11-19 08:49:48', '2025-11-19 08:49:48'),
(337, 8, '2025-10-31', 'present', NULL, NULL, '2025-11-19 08:49:50', '2025-11-19 08:49:50'),
(338, 8, '2025-09-06', 'holiday', NULL, NULL, '2025-11-19 08:51:51', '2025-11-19 08:51:51'),
(339, 8, '2025-09-21', 'holiday', NULL, NULL, '2025-11-19 08:51:51', '2025-11-19 08:51:51'),
(340, 8, '2025-09-07', 'holiday', NULL, NULL, '2025-11-19 08:51:51', '2025-11-19 08:51:51'),
(341, 8, '2025-09-28', 'holiday', NULL, NULL, '2025-11-19 08:51:51', '2025-11-19 08:51:51'),
(342, 8, '2025-09-14', 'holiday', NULL, NULL, '2025-11-19 08:51:51', '2025-11-19 08:51:51'),
(343, 8, '2025-09-20', 'holiday', NULL, NULL, '2025-11-19 08:51:51', '2025-11-19 08:51:51'),
(344, 8, '2025-05-03', 'holiday', NULL, NULL, '2025-11-19 08:58:16', '2025-11-19 08:58:16'),
(345, 8, '2025-05-04', 'holiday', NULL, NULL, '2025-11-19 08:58:16', '2025-11-19 09:03:22'),
(346, 8, '2025-05-11', 'holiday', NULL, NULL, '2025-11-19 08:58:16', '2025-11-19 09:03:22'),
(347, 8, '2025-05-17', 'holiday', NULL, NULL, '2025-11-19 08:58:16', '2025-11-19 08:58:16'),
(348, 8, '2025-05-18', 'holiday', NULL, NULL, '2025-11-19 08:58:16', '2025-11-19 09:03:22'),
(349, 8, '2025-05-25', 'holiday', NULL, NULL, '2025-11-19 08:58:16', '2025-11-19 09:03:22'),
(350, 8, '2025-02-01', 'holiday', NULL, NULL, '2025-11-19 09:04:32', '2025-11-19 09:04:32'),
(351, 8, '2025-02-09', 'holiday', NULL, NULL, '2025-11-19 09:04:32', '2025-11-19 09:04:32'),
(352, 8, '2025-02-15', 'holiday', NULL, NULL, '2025-11-19 09:04:32', '2025-11-19 09:04:32'),
(353, 8, '2025-02-02', 'holiday', NULL, NULL, '2025-11-19 09:04:32', '2025-11-19 09:04:32'),
(355, 8, '2025-02-16', 'holiday', NULL, NULL, '2025-11-19 09:04:32', '2025-11-19 09:04:32'),
(356, 8, '2025-02-23', 'holiday', NULL, NULL, '2025-11-19 09:04:32', '2025-11-19 09:04:32'),
(357, 5, '2025-06-01', 'holiday', NULL, NULL, '2025-11-19 09:04:53', '2025-11-19 09:04:53'),
(358, 5, '2025-06-22', 'holiday', NULL, NULL, '2025-11-19 09:04:53', '2025-11-19 09:04:53'),
(359, 5, '2025-06-29', 'holiday', NULL, NULL, '2025-11-19 09:04:53', '2025-11-19 09:04:53'),
(360, 5, '2025-06-07', 'holiday', NULL, NULL, '2025-11-19 09:04:53', '2025-11-19 09:04:53'),
(361, 5, '2025-06-08', 'holiday', NULL, NULL, '2025-11-19 09:04:53', '2025-11-19 09:04:53'),
(362, 5, '2025-06-15', 'holiday', NULL, NULL, '2025-11-19 09:04:53', '2025-11-19 09:04:53'),
(363, 5, '2025-06-21', 'holiday', NULL, NULL, '2025-11-19 09:04:53', '2025-11-19 09:04:53'),
(364, 5, '2025-05-03', 'holiday', NULL, NULL, '2025-11-19 09:05:03', '2025-11-19 09:05:03'),
(365, 5, '2025-05-04', 'holiday', NULL, NULL, '2025-11-19 09:05:03', '2025-11-19 09:05:03'),
(366, 5, '2025-05-11', 'holiday', NULL, NULL, '2025-11-19 09:05:03', '2025-11-19 09:05:03'),
(367, 5, '2025-05-17', 'holiday', NULL, NULL, '2025-11-19 09:05:03', '2025-11-19 09:05:03'),
(368, 5, '2025-05-18', 'holiday', NULL, NULL, '2025-11-19 09:05:03', '2025-11-19 09:05:03'),
(369, 5, '2025-05-25', 'holiday', NULL, NULL, '2025-11-19 09:05:03', '2025-11-19 09:05:03'),
(370, 5, '2025-08-02', 'holiday', NULL, NULL, '2025-11-19 09:05:08', '2025-11-19 09:05:08'),
(371, 5, '2025-08-03', 'holiday', NULL, NULL, '2025-11-19 09:05:08', '2025-11-19 09:05:08'),
(372, 5, '2025-08-10', 'holiday', NULL, NULL, '2025-11-19 09:05:08', '2025-11-19 09:05:08'),
(373, 5, '2025-08-16', 'holiday', NULL, NULL, '2025-11-19 09:05:08', '2025-11-19 09:05:08'),
(374, 5, '2025-08-17', 'holiday', NULL, NULL, '2025-11-19 09:05:08', '2025-11-19 09:05:08'),
(375, 5, '2025-08-24', 'holiday', NULL, NULL, '2025-11-19 09:05:08', '2025-11-19 09:05:08'),
(376, 5, '2025-08-31', 'holiday', NULL, NULL, '2025-11-19 09:05:08', '2025-11-19 09:05:08'),
(377, 5, '2025-09-06', 'holiday', NULL, NULL, '2025-11-19 09:05:10', '2025-11-19 09:31:17'),
(378, 5, '2025-09-07', 'holiday', NULL, NULL, '2025-11-19 09:05:10', '2025-11-19 09:31:17'),
(379, 5, '2025-09-14', 'holiday', NULL, NULL, '2025-11-19 09:05:10', '2025-11-19 09:31:17'),
(380, 5, '2025-09-20', 'holiday', NULL, NULL, '2025-11-19 09:05:10', '2025-11-19 09:31:17'),
(381, 5, '2025-09-21', 'holiday', NULL, NULL, '2025-11-19 09:05:10', '2025-11-19 09:31:17'),
(382, 5, '2025-09-28', 'holiday', NULL, NULL, '2025-11-19 09:05:10', '2025-11-19 09:31:17'),
(383, 5, '2025-07-05', 'holiday', NULL, NULL, '2025-11-19 09:05:14', '2025-11-19 09:31:16'),
(384, 5, '2025-07-06', 'holiday', NULL, NULL, '2025-11-19 09:05:14', '2025-11-19 09:31:16'),
(385, 5, '2025-07-13', 'holiday', NULL, NULL, '2025-11-19 09:05:14', '2025-11-19 09:31:16'),
(386, 5, '2025-07-19', 'holiday', NULL, NULL, '2025-11-19 09:05:14', '2025-11-19 09:31:16'),
(387, 5, '2025-07-20', 'holiday', NULL, NULL, '2025-11-19 09:05:14', '2025-11-19 09:31:16'),
(388, 5, '2025-07-27', 'holiday', NULL, NULL, '2025-11-19 09:05:14', '2025-11-19 09:31:16'),
(389, 8, '2025-11-01', 'holiday', NULL, NULL, '2025-11-20 07:38:12', '2025-11-20 07:38:12'),
(390, 8, '2025-11-02', 'holiday', NULL, NULL, '2025-11-20 07:38:12', '2025-11-20 07:39:25'),
(391, 8, '2025-11-30', 'holiday', NULL, NULL, '2025-11-20 07:38:12', '2025-11-20 07:39:25'),
(393, 8, '2025-11-09', 'holiday', NULL, NULL, '2025-11-20 07:38:12', '2025-11-20 07:39:25'),
(394, 8, '2025-11-15', 'holiday', NULL, NULL, '2025-11-20 07:38:12', '2025-11-20 07:38:12'),
(395, 8, '2025-11-16', 'holiday', NULL, NULL, '2025-11-20 07:38:12', '2025-11-20 07:39:25'),
(396, 8, '2025-11-23', 'holiday', NULL, NULL, '2025-11-20 07:38:12', '2025-11-20 07:39:25'),
(397, 6, '2025-11-01', 'holiday', NULL, NULL, '2025-11-20 07:38:27', '2025-11-20 07:38:27'),
(400, 6, '2025-11-09', 'holiday', NULL, NULL, '2025-11-20 07:38:27', '2025-11-20 07:38:27'),
(401, 6, '2025-11-15', 'holiday', NULL, NULL, '2025-11-20 07:38:27', '2025-11-20 07:38:27'),
(402, 6, '2025-11-02', 'holiday', NULL, NULL, '2025-11-20 07:38:27', '2025-11-20 07:38:27'),
(403, 6, '2025-11-16', 'holiday', NULL, NULL, '2025-11-20 07:38:27', '2025-11-20 07:38:27'),
(404, 6, '2025-11-23', 'holiday', NULL, NULL, '2025-11-20 07:38:27', '2025-11-20 07:38:27'),
(405, 6, '2025-11-30', 'holiday', NULL, NULL, '2025-11-20 07:38:27', '2025-11-20 07:38:27'),
(406, 8, '2025-06-07', 'holiday', NULL, NULL, '2025-11-20 07:39:28', '2025-11-20 07:39:28'),
(409, 8, '2025-06-21', 'holiday', NULL, NULL, '2025-11-20 07:39:28', '2025-11-20 07:39:28'),
(410, 7, '2025-07-01', 'present', NULL, NULL, '2025-11-20 07:43:16', '2025-11-20 07:43:16'),
(411, 7, '2025-07-02', 'present', NULL, NULL, '2025-11-20 07:43:16', '2025-11-20 07:43:16'),
(412, 7, '2025-07-03', 'present', NULL, NULL, '2025-11-20 07:43:17', '2025-11-20 07:43:17'),
(413, 7, '2025-07-04', 'present', NULL, NULL, '2025-11-20 07:43:20', '2025-11-20 07:43:20'),
(414, 7, '2025-07-07', 'present', NULL, NULL, '2025-11-20 07:43:22', '2025-11-20 07:43:22'),
(415, 7, '2025-07-08', 'holiday', NULL, NULL, '2025-11-20 07:43:25', '2025-11-20 07:43:25'),
(416, 7, '2025-07-09', 'present', NULL, NULL, '2025-11-20 07:43:27', '2025-11-20 07:43:27'),
(417, 7, '2025-07-10', 'work_on_holiday', NULL, NULL, '2025-11-20 07:43:29', '2025-11-20 07:43:31'),
(418, 7, '2025-07-11', 'present', NULL, NULL, '2025-11-20 07:43:32', '2025-11-20 07:43:32'),
(419, 7, '2025-07-12', 'present', NULL, NULL, '2025-11-20 07:43:33', '2025-11-20 07:43:33'),
(420, 7, '2025-07-14', 'present', NULL, NULL, '2025-11-20 07:43:35', '2025-11-20 07:43:35'),
(421, 7, '2025-07-15', 'present', NULL, NULL, '2025-11-20 07:43:37', '2025-11-20 07:43:37'),
(422, 7, '2025-07-16', 'present', NULL, NULL, '2025-11-20 07:43:38', '2025-11-20 07:43:38'),
(423, 7, '2025-07-17', 'present', NULL, NULL, '2025-11-20 07:43:39', '2025-11-20 07:43:39'),
(424, 7, '2025-07-18', 'present', NULL, NULL, '2025-11-20 07:43:40', '2025-11-20 07:43:40'),
(425, 7, '2025-07-21', 'leave', 'cl', NULL, '2025-11-20 07:43:43', '2025-11-20 07:43:44'),
(426, 7, '2025-07-22', 'present', NULL, NULL, '2025-11-20 07:43:45', '2025-11-20 07:43:47'),
(427, 7, '2025-07-23', 'present', NULL, NULL, '2025-11-20 07:43:48', '2025-11-20 07:43:48'),
(428, 7, '2025-07-24', 'present', NULL, NULL, '2025-11-20 07:43:50', '2025-11-20 07:43:50'),
(429, 7, '2025-07-25', 'present', NULL, NULL, '2025-11-20 07:43:51', '2025-11-20 07:43:51'),
(430, 7, '2025-07-26', 'present', NULL, NULL, '2025-11-20 07:43:53', '2025-11-20 07:43:53'),
(431, 7, '2025-07-28', 'present', NULL, NULL, '2025-11-20 07:43:56', '2025-11-20 07:43:56'),
(432, 7, '2025-07-29', 'present', NULL, NULL, '2025-11-20 07:43:59', '2025-11-20 07:44:06'),
(433, 7, '2025-07-30', 'present', NULL, NULL, '2025-11-20 07:44:08', '2025-11-20 07:44:08'),
(434, 7, '2025-07-31', 'leave', '', NULL, '2025-11-20 07:44:09', '2025-11-20 07:44:25'),
(435, 7, '2025-08-01', 'present', NULL, NULL, '2025-11-20 07:57:16', '2025-11-20 07:57:16'),
(436, 7, '2025-08-04', 'holiday', NULL, NULL, '2025-11-20 07:57:19', '2025-11-20 07:57:40'),
(437, 7, '2025-08-03', 'holiday', NULL, NULL, '2025-11-20 07:57:26', '2025-11-20 07:57:26'),
(438, 7, '2025-08-05', 'present', NULL, NULL, '2025-11-20 07:57:30', '2025-11-20 07:57:30'),
(439, 7, '2025-08-06', 'present', NULL, NULL, '2025-11-20 07:57:32', '2025-11-20 07:57:32'),
(440, 7, '2025-08-07', 'present', NULL, NULL, '2025-11-20 07:57:35', '2025-11-20 07:57:35'),
(441, 7, '2025-08-08', 'present', NULL, NULL, '2025-11-20 07:57:43', '2025-11-20 07:57:43'),
(442, 7, '2025-08-09', 'present', NULL, NULL, '2025-11-20 07:57:45', '2025-11-20 07:58:16'),
(443, 7, '2025-08-11', 'leave', NULL, NULL, '2025-11-20 07:58:29', '2025-11-20 07:58:32'),
(444, 7, '2025-08-12', 'present', NULL, NULL, '2025-11-20 07:58:35', '2025-11-20 07:58:35'),
(445, 7, '2025-08-13', 'present', NULL, NULL, '2025-11-20 07:58:36', '2025-11-20 07:58:36'),
(446, 7, '2025-08-14', 'present', NULL, NULL, '2025-11-20 07:58:37', '2025-11-20 07:58:37'),
(447, 7, '2025-08-15', 'present', NULL, NULL, '2025-11-20 07:58:39', '2025-11-20 07:58:39'),
(448, 7, '2025-08-18', 'leave', NULL, NULL, '2025-11-20 07:58:56', '2025-11-20 07:58:56'),
(449, 7, '2025-02-03', 'leave', NULL, NULL, '2025-11-20 08:03:18', '2025-11-20 08:04:33'),
(450, 7, '2025-03-03', 'leave', NULL, NULL, '2025-11-20 08:05:55', '2025-11-20 08:06:02'),
(451, 6, '2025-05-01', 'present', NULL, NULL, '2025-11-20 09:44:51', '2025-11-20 09:44:51'),
(452, 6, '2025-05-02', 'present', NULL, NULL, '2025-11-20 09:44:52', '2025-11-20 09:44:54'),
(453, 6, '2025-05-05', 'present', NULL, NULL, '2025-11-20 09:44:57', '2025-11-20 09:44:57'),
(454, 6, '2025-05-06', 'present', NULL, NULL, '2025-11-20 09:45:04', '2025-11-20 09:45:06'),
(455, 6, '2025-05-07', 'present', NULL, NULL, '2025-11-20 09:45:26', '2025-11-20 09:52:31'),
(456, 6, '2025-05-08', 'leave', NULL, NULL, '2025-11-20 09:52:56', '2025-11-20 09:52:56'),
(457, 6, '2025-07-01', 'present', NULL, NULL, '2025-11-20 09:56:47', '2025-11-20 09:56:47'),
(458, 6, '2025-07-02', 'present', NULL, NULL, '2025-11-20 09:56:49', '2025-11-20 09:56:49'),
(459, 6, '2025-07-03', 'present', NULL, NULL, '2025-11-20 09:56:50', '2025-11-20 09:56:50'),
(460, 6, '2025-07-04', 'present', NULL, NULL, '2025-11-20 09:56:51', '2025-11-20 09:56:51'),
(461, 6, '2025-07-07', 'present', NULL, NULL, '2025-11-20 09:56:53', '2025-11-20 09:56:53'),
(462, 8, '2025-01-01', 'present', NULL, NULL, '2025-11-20 09:57:43', '2025-11-20 09:57:43'),
(463, 8, '2025-01-02', 'leave', 'cl', NULL, '2025-11-20 09:57:45', '2025-11-20 09:58:30'),
(464, 8, '2025-01-03', 'present', NULL, NULL, '2025-11-20 09:57:46', '2025-11-20 09:57:46'),
(465, 8, '2025-01-06', 'present', NULL, NULL, '2025-11-20 09:57:49', '2025-11-20 09:57:51'),
(466, 8, '2025-01-07', 'present', NULL, NULL, '2025-11-20 09:57:52', '2025-11-20 09:57:52'),
(467, 8, '2025-01-08', 'present', NULL, NULL, '2025-11-20 09:57:53', '2025-11-20 09:57:53'),
(468, 8, '2025-01-09', 'present', NULL, NULL, '2025-11-20 09:57:54', '2025-11-20 09:57:54'),
(469, 8, '2025-01-10', 'present', NULL, NULL, '2025-11-20 09:57:55', '2025-11-20 09:57:55'),
(470, 8, '2025-01-11', 'leave', 'el', NULL, '2025-11-20 09:57:57', '2025-11-20 09:59:00'),
(471, 8, '2025-01-13', 'work_on_holiday', NULL, NULL, '2025-11-20 09:58:00', '2025-11-20 09:58:00'),
(472, 8, '2025-01-14', 'present', NULL, NULL, '2025-11-20 09:58:02', '2025-11-20 09:58:02'),
(473, 8, '2025-01-15', 'present', NULL, NULL, '2025-11-20 09:58:03', '2025-11-20 09:58:03'),
(474, 8, '2025-01-16', 'present', NULL, NULL, '2025-11-20 09:58:04', '2025-11-20 09:58:04'),
(475, 8, '2025-01-17', 'present', NULL, NULL, '2025-11-20 09:58:06', '2025-11-20 09:58:06'),
(476, 8, '2025-01-20', 'present', NULL, NULL, '2025-11-20 09:58:08', '2025-11-20 09:58:08'),
(477, 8, '2025-01-21', 'present', NULL, NULL, '2025-11-20 09:58:09', '2025-11-20 09:58:09'),
(478, 8, '2025-01-22', 'present', NULL, NULL, '2025-11-20 09:58:10', '2025-11-20 09:58:10'),
(479, 8, '2025-01-23', 'present', NULL, NULL, '2025-11-20 09:58:11', '2025-11-20 09:58:11'),
(480, 8, '2025-01-24', 'present', NULL, NULL, '2025-11-20 09:58:12', '2025-11-20 09:58:12'),
(481, 8, '2025-01-25', 'present', NULL, NULL, '2025-11-20 09:58:14', '2025-11-20 09:58:14'),
(482, 8, '2025-01-27', 'present', NULL, NULL, '2025-11-20 09:58:16', '2025-11-20 09:58:16'),
(483, 8, '2025-01-28', 'present', NULL, NULL, '2025-11-20 09:58:20', '2025-11-20 09:58:20'),
(484, 8, '2025-01-29', 'present', NULL, NULL, '2025-11-20 09:58:21', '2025-11-20 09:58:21'),
(485, 8, '2025-01-30', 'present', NULL, NULL, '2025-11-20 09:58:23', '2025-11-20 09:58:23'),
(486, 8, '2025-01-31', 'present', NULL, NULL, '2025-11-20 09:58:25', '2025-11-20 09:58:25');

-- --------------------------------------------------------

--
-- Table structure for table `employees`
--

CREATE TABLE `employees` (
  `id` int(11) NOT NULL,
  `emp_id` varchar(50) NOT NULL,
  `name` varchar(100) NOT NULL,
  `email` varchar(100) NOT NULL,
  `phone` varchar(20) DEFAULT NULL,
  `address` text DEFAULT NULL,
  `department` varchar(100) DEFAULT NULL,
  `designation` varchar(100) DEFAULT NULL,
  `join_date` date NOT NULL,
  `salary` decimal(10,2) DEFAULT NULL,
  `status` enum('active','inactive') DEFAULT 'active',
  `created_at` timestamp NOT NULL DEFAULT current_timestamp(),
  `updated_at` timestamp NOT NULL DEFAULT current_timestamp() ON UPDATE current_timestamp()
) ENGINE=InnoDB DEFAULT CHARSET=utf8mb4 COLLATE=utf8mb4_general_ci;

--
-- Dumping data for table `employees`
--

INSERT INTO `employees` (`id`, `emp_id`, `name`, `email`, `phone`, `address`, `department`, `designation`, `join_date`, `salary`, `status`, `created_at`, `updated_at`) VALUES
(3, 'EMP003', 'Amit Patel', 'amit.patel@company.com', '9876543212', 'Pune, Maharashtra', 'Marketing', 'Marketing Manager', '2023-02-10', 750000.00, 'active', '2025-11-17 12:18:40', '2025-11-17 12:18:40'),
(4, 'EMP004', 'Sneha Reddy', 'sneha.reddy@company.com', '9876543213', 'Hyderabad, Telangana', 'Analytics', 'Data Analyst', '2023-04-05', 700000.00, 'active', '2025-11-17 12:18:40', '2025-11-17 12:18:40'),
(5, 'EMP005', 'keshkamal', 'kamal@sunsys.in', '01213457899', 'zXZXZX\nhgfhvf\nbuwjbjw\nvwvfwuv', 'Web development', 'web devloper', '2025-09-19', 25000.00, 'active', '2025-11-18 06:06:03', '2025-11-18 06:06:03'),
(6, 'EMP006', 'Banu', 'banu@gmail.com', '8632597412', 'Vijaya nagar, Bangalore', 'Development', 'Full Stack Developer', '2025-08-01', 25000.00, 'active', '2025-11-18 06:18:08', '2025-11-18 06:18:08'),
(7, 'EMP007', 'Ravi', 'ravi@gmail.com', '9863257415', '', 'Development', 'Full Stack Developer', '2025-05-05', 25000.00, 'active', '2025-11-18 06:59:43', '2025-11-18 06:59:43'),
(8, 'EMP0010', 'Kala', 'kala@gmail.com', '9886389548', '15, Third main road, Chennai', 'Development', 'Full Stack Developer', '2025-06-06', 50000.00, 'active', '2025-11-18 10:40:26', '2025-11-18 10:40:26');

-- --------------------------------------------------------

--
-- Table structure for table `employee_leaves`
--

CREATE TABLE `employee_leaves` (
  `id` int(11) NOT NULL,
  `emp_id` int(11) NOT NULL,
  `year` int(11) NOT NULL,
  `month` int(11) NOT NULL,
  `cl_allocated` int(11) DEFAULT 1,
  `cl_used` int(11) DEFAULT 0,
  `cl_balance` int(11) DEFAULT 1,
  `el_earned` int(11) DEFAULT 0,
  `el_used` int(11) DEFAULT 0,
  `el_balance` int(11) DEFAULT 0,
  `el_carry_forward` int(11) DEFAULT 0,
  `el_earn_date` date DEFAULT NULL,
  `total_present_days` int(11) DEFAULT 0,
  `total_working_days` int(11) DEFAULT 0,
  `created_at` timestamp NOT NULL DEFAULT current_timestamp(),
  `updated_at` timestamp NOT NULL DEFAULT current_timestamp() ON UPDATE current_timestamp()
) ENGINE=InnoDB DEFAULT CHARSET=utf8mb4 COLLATE=utf8mb4_general_ci;

--
-- Dumping data for table `employee_leaves`
--

INSERT INTO `employee_leaves` (`id`, `emp_id`, `year`, `month`, `cl_allocated`, `cl_used`, `cl_balance`, `el_earned`, `el_used`, `el_balance`, `el_carry_forward`, `el_earn_date`, `total_present_days`, `total_working_days`, `created_at`, `updated_at`) VALUES
(72, 3, 2025, 10, 1, 0, 1, 1, 0, 1, 0, '2025-10-30', 23, 25, '2025-11-18 04:42:34', '2025-11-18 06:06:39'),
(105, 3, 2025, 11, 1, 0, 1, 0, 0, 1, 1, NULL, 0, 23, '2025-11-18 04:55:33', '2025-11-18 04:55:33'),
(118, 4, 2025, 11, 1, 0, 1, 0, 0, -1, 0, NULL, 0, 23, '2025-11-18 05:58:09', '2025-11-18 06:03:48'),
(120, 4, 2025, 10, 1, 1, 0, 0, 1, -1, 0, NULL, 20, 25, '2025-11-18 05:58:16', '2025-11-18 06:00:06'),
(163, 5, 2025, 11, 1, 0, 1, 0, 0, -1, 0, NULL, 0, 23, '2025-11-18 06:06:52', '2025-11-18 06:14:52'),
(165, 5, 2025, 10, 1, 1, 0, 0, 1, -1, 0, NULL, 20, 25, '2025-11-18 06:07:03', '2025-11-18 06:08:26'),
(206, 6, 2025, 10, 1, 1, 0, 0, 1, -1, 0, NULL, 20, 25, '2025-11-18 06:18:17', '2025-11-18 06:19:20'),
(236, 6, 2025, 11, 1, 0, 1, 0, 0, -1, -1, NULL, 0, 23, '2025-11-18 06:21:07', '2025-11-20 07:38:27'),
(246, 7, 2025, 10, 1, 1, 0, 1, 1, 0, 0, '2025-11-01', 21, 25, '2025-11-18 06:59:56', '2025-11-18 07:01:38'),
(277, 7, 2025, 11, 1, 0, 1, 0, 0, 0, 0, NULL, 13, 23, '2025-11-18 07:02:01', '2025-11-18 07:02:26'),
(301, 8, 2025, 6, 1, 1, 0, 1, 0, 1, 0, '2025-06-20', 20, 23, '2025-11-18 10:44:10', '2025-11-20 07:39:28'),
(302, 8, 2025, 7, 1, 1, 0, 1, 1, 1, 1, '2025-07-22', 22, 25, '2025-11-18 10:45:36', '2025-11-19 08:45:47'),
(303, 8, 2025, 8, 1, 1, 0, 1, 0, 2, 1, '2025-08-22', 22, 24, '2025-11-18 10:48:28', '2025-11-18 10:49:12'),
(304, 8, 2025, 9, 1, 0, 1, 0, 0, 2, 2, NULL, 5, 24, '2025-11-18 10:50:25', '2025-11-19 08:51:51'),
(305, 8, 2025, 10, 1, 1, 0, 1, 1, 2, 2, '2025-10-23', 23, 25, '2025-11-19 08:48:56', '2025-11-19 08:50:01'),
(308, 8, 2025, 5, 1, 0, 1, 0, 0, 0, 0, NULL, 0, 25, '2025-11-19 08:58:16', '2025-11-19 09:03:22'),
(314, 8, 2025, 2, 1, 0, 1, 0, 0, 0, 0, NULL, 0, 22, '2025-11-19 09:04:32', '2025-11-19 09:04:32'),
(315, 5, 2025, 6, 1, 0, 1, 0, 0, 0, 0, NULL, 0, 23, '2025-11-19 09:04:53', '2025-11-19 09:04:53'),
(316, 5, 2025, 5, 1, 0, 1, 0, 0, 0, 0, NULL, 0, 25, '2025-11-19 09:05:03', '2025-11-19 09:05:03'),
(317, 5, 2025, 8, 1, 0, 1, 0, 0, 0, 0, NULL, 0, 24, '2025-11-19 09:05:08', '2025-11-19 09:05:08'),
(318, 5, 2025, 9, 1, 0, 1, 0, 0, 0, 0, NULL, 0, 24, '2025-11-19 09:05:10', '2025-11-19 09:31:17'),
(319, 5, 2025, 7, 1, 0, 1, 0, 0, 0, 0, NULL, 0, 25, '2025-11-19 09:05:14', '2025-11-19 09:31:16'),
(323, 8, 2025, 11, 1, 0, 1, 0, 0, 2, 2, NULL, 0, 23, '2025-11-20 07:38:12', '2025-11-20 07:39:25'),
(324, 7, 2025, 7, 1, 1, 0, 1, 0, 1, 0, '2025-07-22', 22, 25, '2025-11-20 07:43:16', '2025-11-20 07:44:25'),
(325, 7, 2025, 8, 1, 0, 1, 0, 0, 1, 1, NULL, 10, 24, '2025-11-20 07:57:16', '2025-11-20 07:58:56'),
(326, 7, 2025, 2, 1, 0, 1, 0, 0, 0, 0, NULL, 0, 22, '2025-11-20 08:03:18', '2025-11-20 08:04:33'),
(327, 7, 2025, 3, 1, 0, 1, 0, 0, 0, 0, NULL, 0, 24, '2025-11-20 08:05:55', '2025-11-20 08:06:02'),
(328, 6, 2025, 5, 1, 0, 1, 0, 0, 0, 0, NULL, 5, 25, '2025-11-20 09:44:51', '2025-11-20 09:52:56'),
(329, 6, 2025, 7, 1, 0, 1, 0, 0, 0, 0, NULL, 5, 25, '2025-11-20 09:56:47', '2025-11-20 09:56:53'),
(330, 8, 2025, 1, 1, 1, 0, 1, 1, 0, 0, '2025-01-23', 23, 25, '2025-11-20 09:57:43', '2025-11-20 09:59:00');

-- --------------------------------------------------------

--
-- Table structure for table `job_applications`
--

CREATE TABLE `job_applications` (
  `id` int(11) NOT NULL,
  `job_id` int(11) DEFAULT NULL,
  `name` varchar(100) NOT NULL,
  `email` varchar(100) NOT NULL,
  `phone` varchar(20) NOT NULL,
  `experience` varchar(50) DEFAULT NULL,
  `domain` varchar(100) DEFAULT NULL,
  `resume_path` varchar(255) DEFAULT NULL,
  `application_status` enum('pending','reviewed','shortlisted','rejected') DEFAULT 'pending',
  `applied_date` timestamp NOT NULL DEFAULT current_timestamp()
) ENGINE=InnoDB DEFAULT CHARSET=utf8mb4 COLLATE=utf8mb4_general_ci;

--
-- Dumping data for table `job_applications`
--

INSERT INTO `job_applications` (`id`, `job_id`, `name`, `email`, `phone`, `experience`, `domain`, `resume_path`, `application_status`, `applied_date`) VALUES
(2, 1, 'sudha', 'sudha@gmail.com', '649879843134', '2', 'frontend', 'uploads\\resumes\\1763437898093-USER  COMPUTING -our offering - 5.docx', 'reviewed', '2025-11-18 03:51:38'),
(3, 3, 'keshkamal', 'sudhanandhini@sunsys.in', '01213457899', '2', 'marketing', 'uploads\\resumes\\1763437927345-consulting -our offering - 7.docx', 'shortlisted', '2025-11-18 03:52:07'),
(4, 4, 'test', 'test@gmail.com', '46454643366', '2', 'data', 'uploads\\resumes\\1763437982427-contact us  (1).docx', 'rejected', '2025-11-18 03:53:02'),
(5, 5, 'mangai', 'mangai@gmial.com', '09863257415', '7', 'human resource', 'uploads\\resumes\\1763438039876-IMPLEMENTATION - OUR OFFERING -6.docx', 'pending', '2025-11-18 03:53:59');

-- --------------------------------------------------------

--
-- Table structure for table `job_vacancies`
--

CREATE TABLE `job_vacancies` (
  `id` int(11) NOT NULL,
  `job_title` varchar(200) NOT NULL,
  `department` varchar(100) DEFAULT NULL,
  `location` varchar(100) DEFAULT NULL,
  `experience_required` varchar(50) DEFAULT NULL,
  `job_description` text DEFAULT NULL,
  `requirements` text DEFAULT NULL,
  `salary_range` varchar(100) DEFAULT NULL,
  `job_type` varchar(50) DEFAULT NULL,
  `posted_date` date DEFAULT NULL,
  `status` enum('active','inactive') DEFAULT 'active',
  `created_at` timestamp NOT NULL DEFAULT current_timestamp(),
  `updated_at` timestamp NOT NULL DEFAULT current_timestamp() ON UPDATE current_timestamp()
) ENGINE=InnoDB DEFAULT CHARSET=utf8mb4 COLLATE=utf8mb4_general_ci;

--
-- Dumping data for table `job_vacancies`
--

INSERT INTO `job_vacancies` (`id`, `job_title`, `department`, `location`, `experience_required`, `job_description`, `requirements`, `salary_range`, `job_type`, `posted_date`, `status`, `created_at`, `updated_at`) VALUES
(1, 'Senior Software Engineer', 'Engineering', 'Bengaluru', '5-8 years', 'We are looking for an experienced software engineer to join our team and work on cutting-edge projects.', 'Strong experience in Java, Python, or JavaScript. Knowledge of cloud platforms like AWS or Azure. Excellent problem-solving skills.', '15-20 LPA', 'Full-time', '2025-11-17', 'active', '2025-11-17 12:18:40', '2025-11-17 12:18:40'),
(3, 'Digital Marketing Engineering', 'Marketing', 'Pune', '2-4 years', 'Drive digital marketing campaigns and increase brand visibility across various platforms.', 'Experience in SEO, SEM, social media marketing, Google Analytics, content marketing.', '6-9 LPA', 'Full-time', '2025-11-15', 'active', '2025-11-17 12:18:40', '2025-11-18 03:49:36'),
(4, 'Data Analyst', 'Analytics', 'Hyderabad', '2-5 years', 'Analyze complex datasets and provide actionable insights to drive business decisions.', 'Proficiency in SQL, Python, Excel, data visualization tools like Tableau or Power BI.', '7-10 LPA', 'Full-time', '2025-11-17', 'active', '2025-11-17 12:18:40', '2025-11-17 12:18:40'),
(5, 'HR Manager', 'Human Resource', 'Pune', '2-4 years', 'We are looking for an experienced manager to join out team', '', '6-9 LPA', 'Contract', '2025-11-18', 'active', '2025-11-18 03:51:08', '2025-11-18 03:51:08');

-- --------------------------------------------------------

--
-- Table structure for table `leave_history`
--

CREATE TABLE `leave_history` (
  `id` int(11) NOT NULL,
  `emp_id` int(11) NOT NULL,
  `leave_date` date NOT NULL,
  `leave_type` enum('cl','el') NOT NULL,
  `status` enum('used','unused') DEFAULT 'unused',
  `carry_forward_from` date DEFAULT NULL,
  `remarks` text DEFAULT NULL,
  `created_at` timestamp NOT NULL DEFAULT current_timestamp()
) ENGINE=InnoDB DEFAULT CHARSET=utf8mb4 COLLATE=utf8mb4_general_ci;

--
-- Indexes for dumped tables
--

--
-- Indexes for table `admin`
--
ALTER TABLE `admin`
  ADD PRIMARY KEY (`id`),
  ADD UNIQUE KEY `username` (`username`);

--
-- Indexes for table `attendance`
--
ALTER TABLE `attendance`
  ADD PRIMARY KEY (`id`),
  ADD UNIQUE KEY `unique_attendance` (`emp_id`,`attendance_date`);

--
-- Indexes for table `employees`
--
ALTER TABLE `employees`
  ADD PRIMARY KEY (`id`),
  ADD UNIQUE KEY `emp_id` (`emp_id`),
  ADD UNIQUE KEY `email` (`email`);

--
-- Indexes for table `employee_leaves`
--
ALTER TABLE `employee_leaves`
  ADD PRIMARY KEY (`id`),
  ADD UNIQUE KEY `unique_emp_month` (`emp_id`,`year`,`month`);

--
-- Indexes for table `job_applications`
--
ALTER TABLE `job_applications`
  ADD PRIMARY KEY (`id`),
  ADD KEY `job_id` (`job_id`);

--
-- Indexes for table `job_vacancies`
--
ALTER TABLE `job_vacancies`
  ADD PRIMARY KEY (`id`);

--
-- Indexes for table `leave_history`
--
ALTER TABLE `leave_history`
  ADD PRIMARY KEY (`id`),
  ADD KEY `emp_id` (`emp_id`);

--
-- AUTO_INCREMENT for dumped tables
--

--
-- AUTO_INCREMENT for table `admin`
--
ALTER TABLE `admin`
  MODIFY `id` int(11) NOT NULL AUTO_INCREMENT, AUTO_INCREMENT=2;

--
-- AUTO_INCREMENT for table `attendance`
--
ALTER TABLE `attendance`
  MODIFY `id` int(11) NOT NULL AUTO_INCREMENT, AUTO_INCREMENT=487;

--
-- AUTO_INCREMENT for table `employees`
--
ALTER TABLE `employees`
  MODIFY `id` int(11) NOT NULL AUTO_INCREMENT, AUTO_INCREMENT=9;

--
-- AUTO_INCREMENT for table `employee_leaves`
--
ALTER TABLE `employee_leaves`
  MODIFY `id` int(11) NOT NULL AUTO_INCREMENT, AUTO_INCREMENT=331;

--
-- AUTO_INCREMENT for table `job_applications`
--
ALTER TABLE `job_applications`
  MODIFY `id` int(11) NOT NULL AUTO_INCREMENT, AUTO_INCREMENT=6;

--
-- AUTO_INCREMENT for table `job_vacancies`
--
ALTER TABLE `job_vacancies`
  MODIFY `id` int(11) NOT NULL AUTO_INCREMENT, AUTO_INCREMENT=6;

--
-- AUTO_INCREMENT for table `leave_history`
--
ALTER TABLE `leave_history`
  MODIFY `id` int(11) NOT NULL AUTO_INCREMENT;

--
-- Constraints for dumped tables
--

--
-- Constraints for table `attendance`
--
ALTER TABLE `attendance`
  ADD CONSTRAINT `attendance_ibfk_1` FOREIGN KEY (`emp_id`) REFERENCES `employees` (`id`) ON DELETE CASCADE;

--
-- Constraints for table `employee_leaves`
--
ALTER TABLE `employee_leaves`
  ADD CONSTRAINT `employee_leaves_ibfk_1` FOREIGN KEY (`emp_id`) REFERENCES `employees` (`id`) ON DELETE CASCADE;

--
-- Constraints for table `job_applications`
--
ALTER TABLE `job_applications`
  ADD CONSTRAINT `job_applications_ibfk_1` FOREIGN KEY (`job_id`) REFERENCES `job_vacancies` (`id`) ON DELETE CASCADE;

--
-- Constraints for table `leave_history`
--
ALTER TABLE `leave_history`
  ADD CONSTRAINT `leave_history_ibfk_1` FOREIGN KEY (`emp_id`) REFERENCES `employees` (`id`) ON DELETE CASCADE;
COMMIT;

/*!40101 SET CHARACTER_SET_CLIENT=@OLD_CHARACTER_SET_CLIENT */;
/*!40101 SET CHARACTER_SET_RESULTS=@OLD_CHARACTER_SET_RESULTS */;
/*!40101 SET COLLATION_CONNECTION=@OLD_COLLATION_CONNECTION */;
